{
    "components": [
        {
            "cachedName": "LWJGL 2",
            "cachedVersion": "2.9.1",
            "cachedVolatile": true,
            "dependencyOnly": true,
            "uid": "org.lwjgl",
            "version": "2.9.1"
        },
        {
            "cachedName": "Minecraft",
            "cachedRequires": [
                {
                    "suggests": "2.9.0",
                    "uid": "org.lwjgl"
                }
            ],
            "cachedVersion": "b1.7.3",
            "important": true,
            "uid": "net.minecraft",
            "version": "b1.7.3"
        },
        {
            "cachedName": "Intermediary Mappings",
            "cachedRequires": [
                {
                    "equals": "b1.7.3",
                    "uid": "net.minecraft"
                }
            ],
            "cachedVersion": "b1.7.3-client",
            "dependencyOnly": true,
            "uid": "net.fabricmc.intermediary",
            "version": "b1.7.3"
        },
        {
            "cachedName": "Fabric Loader",
            "cachedRequires": [
                {
                    "uid": "net.fabricmc.intermediary"
                }
            ],
            "cachedVersion": "0.15.11",
            "uid": "net.fabricmc.fabric-loader",
            "version": "0.15.11"
        },
        {
            "cachedName": "slf4j-api",
            "cachedVersion": "2.0.1",
            "uid": "org.slf4j.slf4j-api"
        },
        {
            "cachedName": "log4j-slf4j2-impl",
            "cachedVersion": "2.19.0",
            "uid": "org.apache.logging.log4j.log4j-slf4j2-impl"
        },
        {
            "cachedName": "log4j-api",
            "cachedVersion": "2.19.0",
            "uid": "org.apache.logging.log4j.log4j-api"
        },
        {
            "cachedName": "log4j-core",
            "cachedVersion": "2.19.0",
            "uid": "org.apache.logging.log4j.log4j-core"
        },
        {
            "cachedName": "fastutil",
            "cachedVersion": "8.5.9",
            "uid": "it.unimi.dsi.fastutil"
        },
        {
            "cachedName": "gson",
            "cachedVersion": "2.10",
            "uid": "com.google.code.gson.gson"
        },
        {
            "cachedName": "guava",
            "cachedVersion": "14.0",
            "uid": "com.google.guava.guava"
        },
        {
            "cachedName": "commons-codec",
            "cachedVersion": "1.9",
            "uid": "commons-codec.commons-codec"
        },
        {
            "cachedName": "commons-compress",
            "cachedVersion": "1.8.1",
            "uid": "org.apache.commons.commons-compress"
        },
        {
            "cachedName": "commons-io",
            "cachedVersion": "2.4",
            "uid": "commons-io.commons-io"
        },
        {
            "cachedName": "commons-lang3",
            "cachedVersion": "3.1",
            "uid": "org.apache.commons.commons-lang3"
        },
        {
            "cachedName": "commons-logging",
            "cachedVersion": "1.1.3",
            "uid": "commons-logging.commons-logging"
        },
        {
            "cachedName": "httpcore",
            "cachedVersion": "4.3.2",
            "uid": "org.apache.httpcomponents.httpcore"
        },
        {
            "cachedName": "httpclient",
            "cachedVersion": "4.3.3",
            "uid": "org.apache.httpcomponents.httpclient"
        }
    ],
    "formatVersion": 1
}
