{
    "formatVersion": 1,
    "libraries": [
        {
            "name": "org.ow2.asm:asm:9.6",
            "url": "https://maven.fabricmc.net/"
        },
        {
            "name": "org.ow2.asm:asm-analysis:9.6",
            "url": "https://maven.fabricmc.net/"
        },
        {
            "name": "org.ow2.asm:asm-commons:9.6",
            "url": "https://maven.fabricmc.net/"
        },
        {
            "name": "org.ow2.asm:asm-tree:9.6",
            "url": "https://maven.fabricmc.net/"
        },
        {
            "name": "org.ow2.asm:asm-util:9.6",
            "url": "https://maven.fabricmc.net/"
        },
        {
            "name": "net.fabricmc:sponge-mixin:0.13.3+mixin.0.8.5",
            "url": "https://maven.fabricmc.net/"
        },
        {
            "name": "net.fabricmc:fabric-loader:0.15.11",
            "url": "https://maven.fabricmc.net"
        }
    ],
    "mainClass": "net.fabricmc.loader.impl.launch.knot.KnotClient",
    "name": "Fabric Loader",
    "releaseTime": "2024-05-03T13:26:12+00:00",
    "requires": [
        {
            "uid": "net.fabricmc.intermediary"
        }
    ],
    "type": "release",
    "uid": "net.fabricmc.fabric-loader",
    "version": "0.15.11"
}
