{
  "initialZoom": 4,
  "zoomInTime": 0.30000000000000004,
  "zoomOutTime": 0.30000000000000004,
  "zoomInTransition": "ease_out_exp",
  "zoomOutTransition": "ease_out_exp",
  "affectHandFov": true,
  "retainZoomSteps": false,
  "linearLikeSteps": true,
  "scrollZoom": true,
  "scrollZoomAmount": 3,
  "scrollZoomSmoothness": 70,
  "zoomKeyBehaviour": "hold",
  "_keybindScrolling": false,
  "relativeSensitivity": 100,
  "relativeViewBobbing": true,
  "cinematicCamera": 0,
  "spyglassBehaviour": "combine",
  "spyglassOverlayVisibility": "holding",
  "spyglassSoundBehaviour": "with_overlay",
  "secondaryZoomAmount": 4,
  "secondaryZoomInTime": 10.0,
  "secondaryZoomOutTime": 1.0,
  "secondaryHideHUDOnZoom": true,
  "_firstLaunch": false
}