{
  "modEnabled": true,
  "restrictedLan": true,
  "serverSideOnly": true,
  "serverLogging": true,
  "serverDebugMode": false,
  "mod": {
    "favoriteTweaks": {
      "list": [],
      "disabled": false
    },
    "openedConfigScreen": true,
    "openedSupporterScreen": false,
    "persistentConfigScreen": true,
    "defaultScreen": "HOME_SCREEN",
    "openConfigBinding": 79,
    "numberOfBackups": 5,
    "showWelcomeToast": true,
    "showHandshakeToast": false,
    "showLanChangeToast": true,
    "showServerboundToast": true,
    "showClientboundToast": false,
    "smoothScroll": true,
    "menuBackgroundOpacity": 85,
    "displayNewTags": true,
    "displayTagTooltips": true,
    "displayCategoryTree": true,
    "categoryTreeOpacity": 80,
    "displayRowHighlight": true,
    "displayRowHighlightFade": true,
    "overrideRowHighlight": false,
    "rowHighlightOpacity": 20
  },
  "sound": {
    "disabledPositionedSounds": {
      "list": [],
      "disabled": false
    },
    "disabledGlobalSounds": {
      "list": [],
      "disabled": false
    },
    "playMusicWhenPaused": true,
    "musicForMenu": "ALPHA",
    "musicForCreative": "ALPHA",
    "replaceOverworldBiomeMusic": true,
    "replaceNetherBiomeMusic": true,
    "replaceGameplayMusic": true,
    "stopSongBinding": -1,
    "nextSongBinding": -1,
    "oldCaveSounds": true,
    "oldCaveAmbience": true,
    "disableNetherAmbience": true,
    "disableWaterAmbience": true,
    "oldBed": true,
    "disableBedPlace": true,
    "oldChest": false,
    "disableChest": true,
    "disableLavaAmbience": true,
    "disableLavaPop": true,
    "disableFurnace": true,
    "disableBlastFurnace": true,
    "disableGrowth": true,
    "disableDoorPlace": true,
    "oldAttack": true,
    "oldHurt": true,
    "oldFall": true,
    "oldXp": false,
    "disableXpPickup": true,
    "disableXpLevel": true,
    "disableGenericSwim": true,
    "disableFishSwim": true,
    "disableFishHurt": true,
    "disableFishDeath": true,
    "disableSquid": true,
    "disableGlowSquidOther": true,
    "disableGlowSquidAmbience": false,
    "oldStep": true,
    "ignoreModdedStep": false
  },
  "eyeCandy": {
    "sodiumWaterAo": false,
    "oldGrassSideTexture": false,
    "oldFastGrassTexture": true,
    "removeMipmapTexture": false,
    "ambientOcclusionBlocks": {
      "items": [
        "minecraft:powder_snow_bucket",
        "minecraft:composter"
      ],
      "disabled": false
    },
    "disableBlockOffsets": {
      "items": [
        "minecraft:poppy",
        "minecraft:poppy*",
        "minecraft:rose_bush",
        "minecraft:rose_bush*"
      ],
      "disabled": false
    },
    "disableAllOffset": false,
    "oldMissingTexture": "MODERN",
    "applyFullBlockCollisions": true,
    "fullBlockCollisions": {
      "items": [],
      "disabled": false
    },
    "fullBlockOutlines": {
      "items": [
        "minecraft:cobblestone_stairs",
        "minecraft:cobblestone_stairs*",
        "minecraft:cobblestone_wall",
        "minecraft:cobblestone_wall*",
        "minecraft:oak_fence",
        "minecraft:oak_fence*",
        "minecraft:chest",
        "minecraft:chest*",
        "minecraft:ender_chest",
        "minecraft:ender_chest*",
        "minecraft:cauldron",
        "minecraft:cauldron*",
        "minecraft:hopper",
        "minecraft:hopper*",
        "minecraft:anvil",
        "minecraft:anvil*"
      ],
      "disabled": false
    },
    "blockOutlineColor": "#00000066",
    "blockOutlineThickness": 2.5,
    "oldBlockOverlay": false,
    "overlayRenderOrder": "FIRST",
    "blockOverlayColorType": "SOLID",
    "blockOverlayColor": "#FFFFFF5A",
    "blockOverlayGradientTop": "#0000005A",
    "blockOverlayGradientBottom": "#FFFFFF5A",
    "pulsateBlockOverlay": true,
    "pulsateOverlayAnimation": "LINEAR",
    "oldBlockOverlaySpeed": 0.2,
    "minimumBlockPulsationTransparency": 0.1,
    "maximumBlockPulsationTransparency": 0.4,
    "oldChest": true,
    "oldEnderChest": true,
    "oldTrappedChest": true,
    "applyChestVoxel": true,
    "oldModChests": {
      "items": [],
      "disabled": false
    },
    "translucentChests": {
      "items": [],
      "disabled": false
    },
    "oldTorchBrightness": true,
    "oldTorchBottom": true,
    "oldTorchModel": true,
    "oldRedstoneTorchModel": true,
    "oldSoulTorchModel": true,
    "hidePlayerInBed": true,
    "hideExperienceBar": true,
    "hideHungerBar": false,
    "adventureCraftOffhand": false,
    "leftOffhandOffset": 0,
    "rightOffhandOffset": 0,
    "showExpLevelText": false,
    "showExpLevelInCreative": false,
    "altExpLevelCorner": "TOP_LEFT",
    "altExpLevelOffsetX": 0,
    "altExpLevelOffsetY": 0,
    "altExpLevelShadow": true,
    "altExpLevelText": "Level: %a%v",
    "showExpProgressText": false,
    "showExpProgressInCreative": false,
    "useDynamicProgressColor": true,
    "altExpProgressCorner": "TOP_LEFT",
    "altExpProgressOffsetX": 0,
    "altExpProgressOffsetY": 0,
    "altExpProgressShadow": true,
    "altExpProgressText": "Experience: %v%",
    "showHungerFoodText": false,
    "useDynamicFoodColor": true,
    "altHungerFoodCorner": "TOP_LEFT",
    "altHungerFoodOffsetX": 0,
    "altHungerFoodOffsetY": 0,
    "altHungerFoodShadow": true,
    "altHungerFoodText": "Food: %v",
    "showHungerSaturationText": false,
    "useDynamicSaturationColor": true,
    "altHungerSaturationCorner": "TOP_LEFT",
    "altHungerSaturationOffsetX": 0,
    "altHungerSaturationOffsetY": 0,
    "altHungerSaturationShadow": true,
    "altHungerSaturationText": "Saturation: %v%",
    "oldVersionOverlay": true,
    "oldOverlayShadow": true,
    "oldOverlayCorner": "TOP_LEFT",
    "oldOverlayOffsetX": 0,
    "oldOverlayOffsetY": 0,
    "oldOverlayText": "Modern Beta 1.7.3",
    "enableWindowTitle": true,
    "matchVersionOverlay": true,
    "windowTitleText": "Minecraft %v",
    "oldDebug": "BETA",
    "debugEntityId": true,
    "fpsChart": "DISABLED",
    "showDebugPieChart": false,
    "oldPieChartBackground": false,
    "showDebugLeftTextShadow": true,
    "showDebugRightTextShadow": true,
    "showDebugLeftBackground": false,
    "showDebugRightBackground": false,
    "debugLeftBackgroundColor": "#50505090",
    "debugRightBackgroundColor": "#50505090",
    "showDebugLeftTextColor": true,
    "showDebugRightTextColor": true,
    "debugLeftTextColor": "#FFFFFFFF",
    "debugRightTextColor": "#E0E0E0FF",
    "showDebugGpuUsage": true,
    "showDebugLightData": true,
    "showDebugFacingData": true,
    "showDebugTargetData": false,
    "showDebugBiomeData": true,
    "oldInventory": false,
    "inventoryBook": "SMALL",
    "inventoryShield": "MODERN",
    "disableEmptyArmorTexture": false,
    "disableEmptyShieldTexture": false,
    "invertedPlayerLighting": true,
    "oldCreativeHotbar": "CLASSIC",
    "oldButtonTextColor": true,
    "oldGuiBackground": "SOLID_BLACK",
    "customGuiBackground": false,
    "customGuiTopGradient": "#00000000",
    "customGuiBottomGradient": "#00000000",
    "oldLoadingOverlay": "ALPHA",
    "removeLoadingBar": false,
    "customLoadingOverlayBackground": false,
    "loadingOverlayBackgroundColor": "#000000",
    "customLoadingProgressBar": false,
    "progressBarOutlineColor": "#FFFFFF",
    "progressBarInsideColor": "#FFFFFF",
    "oldProgressScreen": true,
    "oldPauseMenu": "MODERN",
    "includeModsOnPause": true,
    "removeExtraPauseButtons": false,
    "oldAnvilScreen": true,
    "oldCraftingScreen": true,
    "craftingBook": "SMALL",
    "oldFurnaceScreen": true,
    "furnaceBook": "SMALL",
    "oldChatInput": true,
    "oldChatBox": true,
    "disableSignatureBoxes": false,
    "chatOffset": 0,
    "oldDeathScreen": true,
    "oldDeathScore": true,
    "hideCauseOfDeath": true,
    "oldWorldSelectScreen": "BETA",
    "addWorldThumbnail": true,
    "addWorldMetadata": true,
    "ignoreWorldSize": false,
    "oldStyleCreateWorldTabs": true,
    "removeCreateWorldFooter": true,
    "overrideTitleScreen": true,
    "oldTitleBackground": true,
    "uncapTitleFPS": true,
    "oldAlphaLogo": true,
    "titleButtonLayout": "MODERN",
    "includeModsOnTitle": true,
    "removeTitleRealmsButton": false,
    "removeTitleAccessibilityButton": false,
    "removeTitleLanguageButton": false,
    "removeExtraTitleButtons": false,
    "addQuitButton": true,
    "titleVersionText": "Minecraft %v",
    "titleBottomLeftText": false,
    "titleTopRightDebugText": false,
    "removeTitleModLoaderText": true,
    "oldTooltipBoxes": false,
    "oldNoItemTooltips": false,
    "showEnchantmentTip": true,
    "showModifierTip": true,
    "showDyeTip": true,
    "tooltipColorType": "SOLID",
    "tooltipBackgroundColor": "#000000C0",
    "tooltipGradientTop": "#FFFFFFC0",
    "tooltipGradientBottom": "#000000C0",
    "fixItemModelGap": true,
    "oldDamageArmorTint": true,
    "oldItemHolding": true,
    "ignoredHoldingItems": {
      "items": [
        "minecraft:crossbow"
      ],
      "disabled": false
    },
    "itemMergeLimit": 16,
    "oldItemMerging": true,
    "old2dItems": true,
    "old2dRendering": true,
    "disableEnchantedGroundItems": false,
    "disableEnchantedStaticItems": false,
    "oldDurabilityColors": true,
    "oldNoSelectedItemName": true,
    "oldPlainSelectedItemName": false,
    "oldNameTags": false,
    "supporterTags": true,
    "disableLightFlicker": true,
    "invertedBlockLighting": true,
    "oldLeavesLighting": true,
    "oldWaterLighting": true,
    "chestLightBlock": true,
    "roundRobinRelight": true,
    "oldSmoothLighting": true,
    "oldNetherLighting": true,
    "oldClassicEngine": false,
    "smoothLightTransition": true,
    "disableBrightness": false,
    "oldLightColor": true,
    "maxBlockLight": 15,
    "disabledParticles": {
      "list": [],
      "disabled": false
    },
    "oldOpaqueExperience": true,
    "disableNetherParticles": true,
    "disableUnderwaterParticles": true,
    "disableLavaParticles": false,
    "disableLavaDripParticles": true,
    "disableWaterDripParticles": true,
    "disableLeverParticles": true,
    "disableModelDestructionParticles": true,
    "disableEnderChestParticles": false,
    "disableGrowthParticles": true,
    "disableFallingParticles": true,
    "disableSprintingParticles": true,
    "hideFirstPersonMagicParticles": false,
    "oldBoatMovementParticles": true,
    "oldSweepParticles": true,
    "oldNoDamageParticles": true,
    "oldNoCritParticles": true,
    "oldNoMagicHitParticles": true,
    "oldExplosionParticles": true,
    "oldMixedExplosionParticles": false,
    "unoptimizedExplosionParticles": true,
    "oldSquareBorder": true,
    "oldWorldFog": "ALPHA_R164",
    "fogBinding": -1,
    "oldNetherFog": true,
    "oldSunriseSunsetFog": true,
    "oldDarkFog": false,
    "oldDynamicFogColor": true,
    "universalFogColor": "DISABLED",
    "useCustomOverworldFogDensity": false,
    "useCustomOverworldFogColor": false,
    "useCustomNetherFogDensity": false,
    "useCustomNetherFogColor": false,
    "customOverworldFogColor": "#FFFFFF",
    "customNetherFogColor": "#540E0E",
    "customOverworldFogStart": 100,
    "customOverworldFogEnd": 60,
    "customNetherFogStart": 100,
    "customNetherFogEnd": 60,
    "oldWaterFogDensity": true,
    "oldWaterFogColor": true,
    "smoothWaterDensity": true,
    "smoothWaterColor": true,
    "renderSunriseSunsetColor": true,
    "oldSunriseAtNorth": true,
    "oldStars": "ALPHA",
    "oldDynamicSkyColor": true,
    "universalSkyColor": "DISABLED",
    "oldNetherSky": true,
    "oldCloudHeight": 192,
    "customOverworldSky": false,
    "customOverworldSkyColor": "#FFFFFF",
    "oldBlueVoid": "ALPHA",
    "oldBlueVoidOverride": true,
    "oldDarkVoidHeight": false,
    "customVoidSky": false,
    "customVoidSkyColor": "#0000FF",
    "renderVoidFog": false,
    "creativeVoidFog": true,
    "creativeVoidParticles": true,
    "lightRemovesVoidFog": false,
    "voidFogEncroach": 70,
    "voidFogStart": 50,
    "voidParticleStart": -47,
    "voidParticleRadius": 16,
    "voidParticleDensity": 20
  },
  "gameplay": {
    "oldLadderGap": true,
    "oldSquidMilking": true,
    "disableAnimalPanic": true,
    "disableMonsterAvoidSun": true,
    "disableMonsterItemPickup": false,
    "disableBabyZombieSpawn": false,
    "disableBabyPiglinSpawn": false,
    "disableMonsterItemSpawn": false,
    "disableMonsterArmorSpawn": false,
    "disableMonsterEnchantSpawn": false,
    "piglinOnlyGoldSwordSpawn": false,
    "monsterSpawnCap": 90,
    "animalSpawnCap": 20,
    "oldAnimalSpawning": false,
    "disableBabyAnimalSpawning": false,
    "disableAnimalBreeding": false,
    "disableAnimalTempting": false,
    "disableSheepEatGrass": true,
    "randomSheepWoolRegen": true,
    "oldSheepPunching": true,
    "oneWoolPunch": false,
    "oldZombiePigmenDrops": false,
    "oldSkeletonDrops": false,
    "oldChickenDrops": false,
    "oldZombieDrops": false,
    "oldSpiderDrops": false,
    "oldSheepDrops": false,
    "oldCowDrops": false,
    "oldPigDrops": false,
    "oldStyleZombieVillagerDrops": false,
    "oldStyleCaveSpiderDrops": false,
    "oldStyleMooshroomDrops": false,
    "oldStyleDrownedDrops": false,
    "oldStyleRabbitDrops": false,
    "oldStyleStrayDrops": false,
    "oldStyleHuskDrops": false,
    "blockWithSwordOnShield": true,
    "oldSwordBlocking": true,
    "attackWhileSwordBlocking": true,
    "swordBlockDamageReduction": 50,
    "oldDamageValues": false,
    "disableCooldown": false,
    "disableMissTimer": false,
    "disableCriticalHit": false,
    "disableSweep": false,
    "arrowSpeed": 70,
    "instantBow": false,
    "invincibleBow": false,
    "disableOrbSpawn": false,
    "disableOrbRendering": true,
    "disableAnvil": false,
    "disableEnchantTable": false,
    "oldNightmares": true,
    "disableSprint": true,
    "leftClickDoor": false,
    "leftClickLever": false,
    "leftClickButton": false,
    "instantBonemeal": true,
    "tilledGrassSeeds": true,
    "oldFire": false,
    "infiniteBurn": false,
    "instantAir": true,
    "disableSwim": false,
    "cartBoosting": false,
    "cartRiderTurning": true,
    "cartSafeRiderTurning": true,
    "disableBoatBusyHands": true,
    "oldBoatWaterLift": true,
    "oldBoatDrops": false,
    "punchTntIgnition": false,
    "disableBedBounce": true,
    "alwaysOpenChest": true,
    "disableHunger": false,
    "instantEat": false,
    "oldFoodStacking": false,
    "preventHungerEffect": false,
    "customFoodHealth": {
      "items": {
        "minecraft:rotten_flesh": 0,
        "minecraft:spider_eye": 0,
        "minecraft:carrot": 1,
        "minecraft:melon_slice": 1,
        "minecraft:chorus_fruit": 1,
        "minecraft:sweet_berries": 1,
        "minecraft:glow_berries": 1,
        "minecraft:mushroom_stew": 10,
        "minecraft:beetroot_soup": 10,
        "minecraft:rabbit_stew": 10,
        "minecraft:suspicious_stew": 10,
        "minecraft:golden_apple": 20,
        "minecraft:enchanted_golden_apple": 20
      },
      "disabled": false
    },
    "customFoodStacking": {
      "items": {
        "minecraft:cookie": 8,
        "minecraft:beetroot": 8,
        "minecraft:carrot": 8,
        "minecraft:chorus_fruit": 8,
        "minecraft:dried_kelp": 9,
        "minecraft:melon_slice": 8,
        "minecraft:potato": 8,
        "minecraft:poisonous_potato": 8,
        "minecraft:sweet_berries": 8,
        "minecraft:glow_berries": 8,
        "minecraft:apple": 1,
        "minecraft:baked_potato": 1,
        "minecraft:beef": 1,
        "minecraft:beetroot_soup": 1,
        "minecraft:bread": 1,
        "minecraft:chicken": 1,
        "minecraft:cod": 1,
        "minecraft:cooked_beef": 1,
        "minecraft:cooked_chicken": 1,
        "minecraft:cooked_cod": 1,
        "minecraft:cooked_mutton": 1,
        "minecraft:cooked_porkchop": 1,
        "minecraft:cooked_rabbit": 1,
        "minecraft:cooked_salmon": 1,
        "minecraft:enchanted_golden_apple": 1,
        "minecraft:golden_apple": 1,
        "minecraft:golden_carrot": 1,
        "minecraft:honey_bottle": 4,
        "minecraft:mushroom_stew": 1,
        "minecraft:mutton": 1,
        "minecraft:porkchop": 1,
        "minecraft:pufferfish": 1,
        "minecraft:pumpkin_pie": 1,
        "minecraft:rabbit": 1,
        "minecraft:rabbit_stew": 1,
        "minecraft:salmon": 1,
        "minecraft:suspicious_stew": 1,
        "minecraft:tropical_fish": 1
      },
      "disabled": false
    },
    "customItemStacking": {
      "items": {},
      "disabled": false
    }
  },
  "animation": {
    "preventArmSway": true,
    "armSwayMirror": false,
    "armSwayIntensity": 100,
    "oldSwing": true,
    "oldSwingInterrupt": false,
    "oldSwingDropping": true,
    "oldClassicAttackSwing": false,
    "oldClassicUseSwing": false,
    "oldItemCooldown": true,
    "oldItemReequip": true,
    "oldToolExplosion": true,
    "oldZombieArms": true,
    "oldSkeletonArms": true,
    "oldGhastCharging": true,
    "hideBoatRowing": true,
    "oldClassicWalkBobbing": false,
    "oldClassicWalkArms": false,
    "oldBackwardWalking": true,
    "oldVerticalBobbing": true,
    "oldCreativeCrouch": true,
    "oldRandomDamage": true,
    "oldSneaking": true,
    "preventDeathTopple": true
  },
  "swing": {
    "overrideSpeeds": false,
    "attackGlobalSpeed": -1,
    "useGlobalSpeed": -1,
    "attackItemSpeed": 8,
    "useItemSpeed": 8,
    "attackToolSpeed": 8,
    "useToolSpeed": 8,
    "attackBlockSpeed": 8,
    "useBlockSpeed": 8,
    "attackSwordSpeed": 8,
    "useSwordSpeed": 8,
    "attackHasteSpeed": -1,
    "useHasteSpeed": -1,
    "attackFatigueSpeed": -1,
    "useFatigueSpeed": -1,
    "attackSwingSpeeds": {
      "items": {},
      "disabled": false
    },
    "useSwingSpeeds": {
      "items": {},
      "disabled": false
    }
  }
}